variant ID	gene name	old nuc	new nuc	SNP percent	original nuc percent	frequeny of the gene
453591_T_C-core	hisC	T	C	0.7349397590361446	0.26506024096385544	166
1218222_A_A-core	yeeA	A	A	0.6091954022988506	0.6091954022988506	174
1218222_A_T-core	yeeA	A	T	0.367816091954023	0.6091954022988506	174
1678272_T_C-core	hisB	T	C	0.45348837209302323	0.4186046511627907	172
1678272_T_G-core	hisB	T	G	0.12790697674418605	0.4186046511627907	172
1678272_T_T-core	hisB	T	T	0.4186046511627907	0.4186046511627907	172
70189_T_T-core	hisA	T	T	0.6127167630057804	0.6127167630057804	173
968322_G_A-core	hisD	G	A	0.48295454545454547	0.4772727272727273	176
968322_G_G-core	hisD	G	G	0.4772727272727273	0.4772727272727273	176
968322_G_T-core	hisD	G	T	0.03977272727272727	0.4772727272727273	176
1656810_G_A-core	gnd	G	A	0.0	0.0	174
1656810_G_G-core	gnd	G	G	0.0	0.0	174
1656810_G_T-core	gnd	G	T	0.3275862068965517	0.0	174
1956243_C_A-core	ugd	C	A	0.42592592592592593	0.49382716049382713	162
1956243_C_C-core	ugd	C	C	0.49382716049382713	0.49382716049382713	162
1956243_C_G-core	ugd	C	G	0.037037037037037035	0.49382716049382713	162
1956243_C_T-core	ugd	C	T	0.043209876543209874	0.49382716049382713	162
	A	A
	A	C
	A	T
2124525_C_C-core	wcaJ	C	C	0.018404907975460124	0.018404907975460124	163
2124525_C_T-core	wcaJ	C	T	0.03067484662576687	0.018404907975460124	163
2124981_C_C-core	wcaJ	C	C	0.006134969325153374	0.006134969325153374	163
2124981_C_T-core	wcaJ	C	T	0.024539877300613498	0.006134969325153374	163
	T	A
	T	G
	T	T
	G	C
	G	G
	G	T
968595_G_A-core	hisD	G	A	0.5284090909090909	0.4659090909090909	176
968595_G_C-core	hisD	G	C	0.005681818181818182	0.4659090909090909	176
968595_G_G-core	hisD	G	G	0.4659090909090909	0.4659090909090909	176
1657674_A_A-core	gnd	A	A	0.005747126436781609	0.005747126436781609	174
1956669_G_A-core	ugd	G	A	0.29012345679012347	0.5493827160493827	162
1956669_G_C-core	ugd	G	C	0.037037037037037035	0.5493827160493827	162
1956669_G_G-core	ugd	G	G	0.5493827160493827	0.5493827160493827	162
1956669_G_T-core	ugd	G	T	0.12345679012345678	0.5493827160493827	162
1656822_T_C-core	gnd	T	C	0.7701149425287356	0.22988505747126436	174
1656822_T_G-core	gnd	T	G	0.0	0.22988505747126436	174
1656822_T_T-core	gnd	T	T	0.22988505747126436	0.22988505747126436	174
	A	A
	A	G
1657206_T_C-core	gnd	T	C	0.0	0.8218390804597702	174
1657206_T_G-core	gnd	T	G	0.04597701149425287	0.8218390804597702	174
1657206_T_T-core	gnd	T	T	0.8218390804597702	0.8218390804597702	174
2124738_T_C-core	wcaJ	T	C	0.049079754601226995	0.06748466257668712	163
2124738_T_T-core	wcaJ	T	T	0.06748466257668712	0.06748466257668712	163
1656435_A_A-core	gnd	A	A	1.0	1.0	174
1656435_A_G-core	gnd	A	G	0.0	1.0	174
1656435_A_G-core	gnd	A	G	0.0	1.0	174
1956192_G_A-core	ugd	G	A	0.4012345679012346	0.5987654320987654	162
	C	A
	C	C
	T	C
	T	T
	C	C
	C	G
	C	T
423420_T_C-core	hisG	T	C	0.3028571428571429	0.6971428571428572	175
453564_A_A-core	hisC	A	A	0.15060240963855423	0.15060240963855423	166
453564_A_G-core	hisC	A	G	0.8493975903614458	0.15060240963855423	166
1656735_T_A-core	gnd	T	A	0.0	0.6264367816091954	174
1656735_T_C-core	gnd	T	C	0.367816091954023	0.6264367816091954	174
1656735_T_G-core	gnd	T	G	0.005747126436781609	0.6264367816091954	174
1656735_T_T-core	gnd	T	T	0.6264367816091954	0.6264367816091954	174
